file,track,color,bb1_lat,bb1_lon,bb2_lat,bb2_lon,bb3_lat,bb3_lon,bb4_lat,bb4_lon,geocode_increment,geocode_range,ref_lat,ref_lon
USGS_D064_InSAR_v0_0_1.hdf5,A064,#00B0FF,32.2629,-118.4390,32.7043,-115.8282,36.5262,-116.5825,36.1870,-119.3552,-I0.002/0.002,-R-119.366/-115.818/32.418/36.540,35.32064,-116.57164
USGS_D166_InSAR_v0_0_1.hdf5,A166,#FF3D00,35.405,-117.107,35.755,-114.373,32.268,-113.686,31.919,-116.298,-I0.002/0.002,-R-117.098/-113.668/31.910/35.766,34.844,-114.965
D071_COMB_CGM_InSAR_v0_0_1_1Gb.hdf5,D071,#2E7D32,36.432,-118.685,35.987,-115.938,32.990,-116.640,33.481,-119.173,-I0.002/0.002,-R-119.132/-115.936/32.988/36.432,35.32064,-116.57164
USGS_D173_InSAR_v0_0_1.hdf5,D173,#0000FF,32.2383,-117.4676,31.9395,-114.8157,35.4287,-114.0238,35.8734,-116.7069,-I0.002/0.002,-R-117.316/-114.12/31.932/35.16,34.844,-114.965
